Resource,Zone,StartChargeCap_p1,EndChargeCap_p1,EndChargeCap_p2,EndChargeCap_p3,EndChargeCap_p4,EndChargeCap_p5,EndChargeCap_p6
MA_natural_gas_combined_cycle,1,0.0,0.0,0.0,0.0,0.0,0.0,0.0
CT_natural_gas_combined_cycle,2,0.0,0.0,0.0,0.0,0.0,0.0,0.0
ME_natural_gas_combined_cycle,3,0.0,0.0,0.0,0.0,0.0,0.0,0.0
MA_solar_pv,1,0.0,0.0,0.0,0.0,0.0,0.0,0.0
CT_onshore_wind,2,0.0,0.0,0.0,0.0,0.0,0.0,0.0
CT_solar_pv,2,0.0,0.0,0.0,0.0,0.0,0.0,0.0
ME_onshore_wind,3,0.0,0.0,0.0,0.0,0.0,0.0,0.0
MA_battery,1,0.0,0.0,0.0,0.0,0.0,0.0,0.0
CT_battery,2,0.0,0.0,0.0,0.0,0.0,0.0,0.0
ME_battery,3,0.0,0.0,0.0,0.0,0.0,0.0,0.0
Total,n/a,0.0,0.0,0.0,0.0,0.0,0.0,0.0
