Costs,TotalCosts_p1,TotalCosts_p2,TotalCosts_p3,TotalCosts_p4,TotalCosts_p5,TotalCosts_p6
cFix,1.9867355414754999e9,6.745047483846253e8,6.956363827296702e8,7.491473612784983e8,8.633862698760424e8,9.234218851429693e8
cVar,1.606528388640534e8,1.8564588562102622e8,2.1920634980238068e8,2.549500493919646e8,2.825443742965071e8,3.197978409265343e8
cFuel,6.681348977583505e8,7.754189602439275e8,9.204760114011745e8,1.0757324195123768e9,1.1964403422210162e9,1.358637484531497e9
cNSE,0.0,0.0,0.0,0.0,0.0,0.0
cStart,0.0,0.0,0.0,0.0,0.0,0.0
cUnmetRsv,0.0,0.0,0.0,0.0,0.0,0.0
cNetworkExp,0.0,0.0,0.0,0.0,0.0,0.0
cUnmetPolicyPenalty,0.0,0.0,0.0,0.0,0.0,0.0
cCO2,0.0,0.0,0.0,0.0,0.0,0.0
