Resource,Zone,Retrofit_Id,StartCap,RetCap,RetroCap,NewCap,EndCap,CapacityConstraintDual,StartEnergyCap,RetEnergyCap,NewEnergyCap,EndEnergyCap,StartChargeCap,RetChargeCap,NewChargeCap,EndChargeCap
MA_natural_gas_combined_cycle,1,None,0.0,0.0,0.0,5613.659631613606,5613.659631613606,0.0,0.0,0.0,0.0,0.0,0.0,0.0,0.0,0.0
CT_natural_gas_combined_cycle,2,None,0.0,0.0,0.0,1691.1832750923381,1691.1832750923381,0.0,0.0,0.0,0.0,0.0,0.0,0.0,0.0,0.0
ME_natural_gas_combined_cycle,3,None,0.0,0.0,0.0,0.0,0.0,0.0,0.0,0.0,0.0,0.0,0.0,0.0,0.0,0.0
MA_solar_pv,1,None,0.0,0.0,0.0,-0.0,0.0,0.0,0.0,0.0,0.0,0.0,0.0,0.0,0.0,0.0
CT_onshore_wind,2,None,0.0,0.0,0.0,5780.671994882178,5780.671994882178,0.0,0.0,0.0,0.0,0.0,0.0,0.0,0.0,0.0
CT_solar_pv,2,None,0.0,0.0,0.0,-0.0,0.0,0.0,0.0,0.0,0.0,0.0,0.0,0.0,0.0,0.0
ME_onshore_wind,3,None,0.0,0.0,0.0,4026.5784865902087,4026.5784865902087,0.0,0.0,0.0,0.0,0.0,0.0,0.0,0.0,0.0
MA_battery,1,None,0.0,0.0,0.0,-0.0,0.0,0.0,0.0,0.0,-0.0,0.0,0.0,0.0,0.0,0.0
CT_battery,2,None,0.0,0.0,0.0,914.2034360283964,914.2034360283964,0.0,0.0,0.0,993.6993869873874,993.6993869873874,0.0,0.0,0.0,0.0
ME_battery,3,None,0.0,0.0,0.0,137.08901707205177,137.08901707205177,0.0,0.0,0.0,149.00980116527367,149.00980116527367,0.0,0.0,0.0,0.0
Total,n/a,n/a,0.0,0.0,0.0,18163.38584127878,18163.38584127878,n/a,0.0,0.0,1142.709188152661,1142.709188152661,0.0,0.0,0.0,0.0
