Resource,MA_battery,CT_battery,ME_battery,Total
Zone,1,2,3,0
AnnualSum,0.0,582620.765758645,118236.03788114106,700856.8036397861
t1,0.0,279.3393110982718,0.0,279.3393110982718
t2,0.0,406.8683211121078,0.0,406.8683211121078
t3,0.0,326.15173896419856,0.0,326.15173896419856
t4,0.0,0.0,24.878158107593507,24.878158107593507
t5,0.0,0.0,0.0,0.0
t6,0.0,0.0,0.0,0.0
t7,0.0,259.5449385418656,0.0,259.5449385418656
t8,0.0,0.0,0.0,0.0
t9,0.0,0.0,137.08901707205177,137.08901707205177
t10,0.0,0.0,0.0,0.0
t11,0.0,0.0,0.0,0.0
t12,-0.0,0.0,24.878158107593507,24.878158107593507
t13,-0.0,11.87846674943227,0.0,11.87846674943227
t14,-0.0,107.95643259312814,0.0,107.95643259312814
t15,-0.0,137.58108692833025,0.0,137.58108692833025
t16,-0.0,0.0,0.0,0.0
t17,-0.0,66.9009800637479,0.0,66.9009800637479
t18,-0.0,0.0,137.08901707205177,137.08901707205177
t19,-0.0,-0.0,-0.0,0.0
t20,0.0,0.0,0.0,0.0
t21,0.0,-0.0,-0.0,0.0
t22,-0.0,-0.0,0.0,0.0
t23,0.0,0.0,0.0,0.0
t24,0.0,0.0,0.0,0.0
