Line,1,2
t1,-2950.0,-670.1188557795786
t2,-2950.0,-1061.6772131421133
t3,-2950.0,-993.32123748194
t4,-2950.0,-540.5544105249843
t5,-2950.0,-84.07208644446146
t6,-2950.0,33.419223435725314
t7,-2950.0,9.567860042496017
t8,-2950.0,-153.4040396277921
t9,-2950.0,-208.8337157883138
t10,-2950.0,-639.7785326587754
t11,-2950.0,-858.9321383769162
t12,-2950.0,-1609.0472726943117
t13,-2950.0,-1735.0326381755772
t14,-2950.0,-1998.992188982677
t15,-2950.0,-1739.1866708062425
t16,-2950.0,-1770.9100440155482
t17,-2950.0,-1961.5662655066026
t18,-2950.0,-2000.0
t19,-2697.3726116676526,-1836.0015075685606
t20,-2395.5008316005674,-1522.5407496417129
t21,-2226.772091517417,-1457.5930797550418
t22,-2950.0,-1316.6419404292105
t23,-2842.7879627551247,-1116.8951929585064
t24,-2950.0,-1611.470411498256
