Resource,MA_natural_gas_combined_cycle,CT_natural_gas_combined_cycle,ME_natural_gas_combined_cycle,MA_solar_pv,CT_onshore_wind,CT_solar_pv,ME_onshore_wind,MA_battery,CT_battery,ME_battery,Total
Zone,1,2,3,1,2,2,3,1,2,3,0
AnnualSum,3.956971165210838e7,3.8353657523878035e6,0.0,0.0,4.28898040718839e7,0.0,2.00501705551971e7,0.0,493130.2161381171,100074.98246259733,1.0693825723017791e8
t1,4146.617460527075,0.0,0.0,-0.0,5458.490420673273,-0.0,1731.7040625112318,0.0,0.0,0.0,11336.811943711578
t2,3343.906917188128,0.0,0.0,-0.0,5468.019430687108,-0.0,2071.1102338973537,0.0,0.0,0.0,10883.03658177259
t3,3170.591163904721,0.0,0.0,-0.0,5317.302848539199,-0.0,1969.0825292936004,0.0,0.0,0.0,10456.97654173752
t4,3486.9086858898327,0.0,0.0,-0.0,4881.721022512609,-0.0,1518.7445554723945,0.0,72.43008706239084,0.0,9959.804350937226
t5,3940.9051930925143,0.0,0.0,-0.0,4902.740592187632,-0.0,1033.8982564064365,0.0,52.41051738736857,0.0,9929.954559073953
t6,4275.898741162858,0.0,0.0,-0.0,4978.655342309158,-0.0,944.9091847164069,0.0,37.495767265841806,0.0,10236.959035454265
t7,4595.812992246192,0.0,0.0,0.0,5374.696048116866,0.0,1015.5261625862003,-0.0,0.0,0.0,10986.035202949259
t8,4959.254559709221,184.403302089037,0.0,-0.0,4806.245927180326,-0.0,1250.9115293898055,0.0,274.50188030563817,0.0,11475.317198674027
t9,5582.3695867359575,375.6503650658116,0.0,-0.0,5082.500744509189,-0.0,1536.974925809638,0.0,0.0,0.0,12577.495622120596
t10,5613.659631613606,344.7481537044448,0.0,-0.0,5244.402955870555,-0.0,1898.0655873561554,0.0,0.0,0.0,13100.87632854476
t11,5613.659631613606,600.1779320119684,-0.0,-0.0,5051.973177563033,-0.0,2011.2837817203872,-0.0,0.0,137.08901707205047,13414.183539981044
t12,4936.9158213373385,264.41480093207923,0.0,-0.0,5405.736308642921,-0.0,2939.7374152585558,0.0,0.0,0.0,13546.804346170895
t13,4806.168504404777,0.0,0.0,-0.0,5680.029576324433,-0.0,3041.0826711809314,0.0,0.0,0.0,13527.28075191014
t14,4477.802863910552,0.0,0.0,-0.0,5757.107542168129,-0.0,3298.636132300907,0.0,0.0,0.0,13533.546538379589
t15,4656.05529313499,0.0,0.0,-0.0,5764.732196503331,-0.0,3025.2775251724747,0.0,0.0,0.0,13446.065014810796
t16,4585.643663087375,88.74557529797312,0.0,-0.0,5527.405534277027,-0.0,3052.3126415434704,0.0,0.0,0.0,13254.107414205846
t17,4417.861005699711,0.0,0.0,-0.0,5689.052089638748,-0.0,3247.8424271379163,0.0,0.0,0.0,13354.755522476375
t18,4381.804956575001,318.79422048513993,0.0,-0.0,5304.35688908986,-0.0,3423.742864072052,0.0,0.0,0.0,13428.698930222052
t19,4745.26484096827,1691.1832750923381,0.0,-0.0,3662.7860504190376,-0.0,3114.043753929321,0.0,0.0,0.0,13213.277920408967
t20,5613.659631613606,1691.1832750923381,-0.0,-0.0,2518.8534418633512,-0.0,2695.413624042023,-0.0,914.2034360283964,137.08901707205177,13570.402425711767
t21,5613.659631613606,1691.1832750923381,-0.0,-0.0,3197.28996362226,-0.0,2735.916735443924,0.0,0.0,0.0,13238.049605772128
t22,4500.447708771279,1092.7025970317068,0.0,-0.0,4369.448512543293,-0.0,2520.5804800547,0.0,0.0,0.0,12483.179298400979
t23,4126.783930552703,1691.1832750923381,0.0,-0.0,3470.0961303104,-0.0,2226.8708365772272,0.0,-0.0,0.0,11514.934172532669
t24,2818.5164945330507,473.481329417428,0.0,-0.0,4592.669780157572,-0.0,2628.3062079545625,0.0,0.0,0.0,10512.973812062613
