Resource,Zone,StartEnergyCap_p1,EndEnergyCap_p1,EndEnergyCap_p2,EndEnergyCap_p3,EndEnergyCap_p4,EndEnergyCap_p5,EndEnergyCap_p6
MA_natural_gas_combined_cycle,1,0.0,0.0,0.0,0.0,0.0,0.0,0.0
CT_natural_gas_combined_cycle,2,0.0,0.0,0.0,0.0,0.0,0.0,0.0
ME_natural_gas_combined_cycle,3,0.0,0.0,0.0,0.0,0.0,0.0,0.0
MA_solar_pv,1,0.0,0.0,0.0,0.0,0.0,0.0,0.0
CT_onshore_wind,2,0.0,0.0,0.0,0.0,0.0,0.0,0.0
CT_solar_pv,2,0.0,0.0,0.0,0.0,0.0,0.0,0.0
ME_onshore_wind,3,0.0,0.0,0.0,0.0,0.0,0.0,0.0
MA_battery,1,-0.0,-0.0,-0.0,-0.0,-0.0,1640.7716529914296,1640.7716529914296
CT_battery,2,-0.0,1093.6227183011554,1192.9042212267352,1289.8326858342953,3268.9235047675093,4553.245611489738,7670.269346421328
ME_battery,3,-0.0,-0.0,-0.0,-0.0,143.66500749369632,978.0622866336905,1526.3861286285123
Total,n/a,0.0,1093.6227183011554,1192.9042212267352,1289.8326858342953,3412.588512261206,7172.079551114858,10837.42712804127
