Iteration_Number,Seconds,Upper_Bound,Lower_Bound,Relative_Gap
1.0,2.2836108207702637,58718.14158056061,54853.89842666701,0.07044609890506913
2.0,1.851330041885376,58613.29316923836,55841.678771273626,0.049633436152899474
3.0,1.8224310874938965,56885.60661914709,56154.15756379296,0.013025732859106208
4.0,1.7112698554992676,56885.60661914709,56209.54658117709,0.012027494955748133
5.0,1.974128007888794,56885.60661914709,56572.05576281388,0.005542504194081553
6.0,1.8317980766296387,56885.60661914709,56608.489804424586,0.004895322515755291
7.0,1.601280927658081,56782.153036261865,56639.223067911946,0.0025235156947428904
8.0,1.9730050563812256,56726.037757089805,56684.75451073046,0.0007282954070398082
9.0,1.882863998413086,56726.037757089805,56696.43429497552,0.0005221397515100182
10.0,1.8836629390716553,56722.87780404944,56701.362623599576,0.0003794473263842258
11.0,2.1000399589538574,56722.87780404944,56709.69084714904,0.00023253445228519902
12.0,1.8250701427459717,56718.44139637734,56710.73016894377,0.00013597475134943126
13.0,1.7506299018859863,56713.2688137888,56710.98405517485,4.0287761745261035e-5
14.0,1.672739028930664,56712.58935109346,56711.108340786086,2.6114994940256767e-5
15.0,1.5250351428985596,56712.58935109346,56711.722294525156,1.528884211632736e-5
16.0,1.5951859951019287,56712.58935109346,56712.04904132474,9.527248227786305e-6
17.0,1.54750394821167,56712.43357394087,56712.1842449407,4.396392124418358e-6
18.0,1.6054799556732178,56712.43357394087,56712.38725937519,8.166569584050908e-7
19.0,1.6102352142333984,56712.43356589173,56712.39484123804,6.82825223664943e-7
20.0,1.5742931365966797,56712.43356589173,56712.42177267524,2.0794767927989225e-7
21.0,1.6066889762878418,56712.42177267525,56712.42177267524,1.2829566057588242e-16
