Resource,Zone,StartCap_p1,EndCap_p1,EndCap_p2,EndCap_p3,EndCap_p4,EndCap_p5,EndCap_p6
MA_natural_gas_combined_cycle,1,-0.0,9275.42132969819,9275.42132969819,9275.42132969819,9275.42132969819,9323.467399115256,9979.949557247692
CT_natural_gas_combined_cycle,2,-0.0,651.6177031356452,651.6177031356452,651.6177031356452,651.6177031356452,651.6177031356452,651.6177031356452
ME_natural_gas_combined_cycle,3,-0.0,0.0,0.0,0.0,0.0,0.0,0.0
MA_solar_pv,1,-0.0,0.0,0.0,0.0,0.0,0.0,1430.800108032542
CT_onshore_wind,2,-0.0,5721.812528707968,6052.852616040594,6333.532585872364,6965.50924736991,7416.412116459314,8025.444828457385
CT_solar_pv,2,-0.0,0.0,0.0,0.0,0.0,0.0,0.0
ME_onshore_wind,3,-0.0,187.03316102301085,1904.8670108432866,3932.5383293457485,4549.374686378131,5146.552667879772,5530.765622106706
MA_battery,1,-0.0,0.0,0.0,0.0,0.0,696.893558730127,696.8935587311794
CT_battery,2,-0.0,1006.3504654312068,1097.6894228961223,1186.8636103350777,2087.16509130159,2294.6370191472392,3272.1537548149363
ME_battery,3,-0.0,0.0,0.0,0.0,143.4000633950776,498.82526873568344,498.82526873568344
Total,n/a,-0.0,16842.235187996022,18982.448082613835,21379.973558387024,23672.488121278544,26028.40573320304,30086.450401261765
