Time_Index,MA_natural_gas_combined_cycle,MA_solar_pv,CT_natural_gas_combined_cycle,CT_onshore_wind,CT_solar_pv,ME_natural_gas_combined_cycle,ME_onshore_wind,MA_battery,CT_battery,ME_battery
1,1,0.0,1,0.944265723,0.0,1,0.430068374,1,1,1
2,1,0.0,1,0.945914149,0.0,1,0.514359832,1,1,1
3,1,0.0,1,0.919841647,0.0,1,0.489021271,1,1,1
4,1,0.0,1,0.84449023,0.0,1,0.377179921,1,1,1
5,1,0.0,1,0.848126411,0.0,1,0.256768435,1,1,1
6,1,0.0,1,0.861258924,0.0,1,0.234668016,1,1,1
7,1,0.0112,1,0.929770112,0.0019,1,0.252205729,1,1,1
8,1,0.1635,1,0.831433773,0.1724,1,0.31066364,1,1,1
9,1,0.3077,1,0.879223168,0.3934,1,0.38170743,1,1,1
10,1,0.4675,1,0.907230675,0.5482,1,0.471384227,1,1,1
11,1,0.5809,1,0.873942196,0.6521,1,0.499501944,1,1,1
12,1,0.633,1,0.935139775,0.6736,1,0.730083227,1,1,1
13,1,0.6608,1,0.982589841,0.6918,1,0.755252302,1,1,1
14,1,0.6639,1,0.995923579,0.681,1,0.819215655,1,1,1
15,1,0.6144,1,0.99724257,0.6425,1,0.751327097,1,1,1
16,1,0.479,1,0.956187367,0.5211,1,0.758041263,1,1,1
17,1,0.3025,1,0.984150648,0.3515,1,0.806601048,1,1,1
18,1,0.0929,1,0.917602122,0.1413,1,0.850285888,1,1,1
19,1,0.0,1,0.633626342,0.0,1,0.773372173,1,1,1
20,1,0.0,1,0.435737133,0.0,1,0.66940546,1,1,1
21,1,0.0,1,0.553100049,0.0,1,0.6794644,1,1,1
22,1,0.0,1,0.755872071,0.0,1,0.625985682,1,1,1
23,1,0.0,1,0.600292861,0.0,1,0.553042948,1,1,1
24,1,0.0,1,0.794487178,0.0,1,0.652739346,1,1,1
