day,genx,techgraph,rel,max_cap_diff_MW,max_dispatch_diff_MW,simul_MW
day014,4112.42664927289,4112.426649272891,2.319006265011115e-16,1.7337242752546445e-12,57.23693281900478,0.0
day045,5162.414830920362,5162.414830920356,-1.1084049007772912e-15,1.8189894035458565e-12,363.8018789470498,0.0
day073,4301.037671907958,4301.0376719079595,4.434624335588282e-16,1.4210854715202004e-12,190.45747534665134,0.0
day104,3081.0551738601994,3081.0551738602,1.5476423864416038e-16,5.9117155615240335e-12,313.0172379551768,0.0
day134,3070.5114907645752,3070.5114907645757,1.5529567618859156e-16,1.8189894035458565e-12,11.216728625404357,0.0
day165,3293.294706019697,3293.2947060197,7.239515451373532e-16,1.8189894035458565e-12,3.637978807091713e-12,0.0
day197,5114.360420438827,5114.360420438825,-3.729398157372812e-16,6.764366844436154e-12,140.91557937805646,0.0
day226,4069.882673215862,4069.8826732158636,4.686495375812364e-16,1.8189894035458565e-12,14.019848900628858,0.0
day257,2815.5232780979045,2815.523278097904,-1.6936004824128606e-16,3.296918293926865e-12,134.42090979127443,0.0
day287,2922.062095263369,2922.0620952633676,-4.895554673284386e-16,1.2960299500264227e-11,1.1823431123048067e-11,0.0
day318,4044.905280683127,4044.905280683128,2.3577173017143877e-16,2.4442670110147446e-12,16.682297489400298,0.0
day348,4880.366020299233,4880.366020299232,-1.9541040824388346e-16,3.637978807091713e-12,3.637978807091713e-12,0.0
