Time_Index,CT_NG,ME_NG,MA_NG,None
0,0.05306,0.05306,0.05306,0
1,1.75,1.75,2.11,0
2,1.75,1.75,2.11,0
3,1.75,1.75,2.11,0
4,1.75,1.75,2.11,0
5,1.75,1.75,2.11,0
6,1.75,1.75,2.11,0
7,1.75,1.75,2.11,0
8,1.75,1.75,2.11,0
9,1.75,1.75,2.11,0
10,1.75,1.75,2.11,0
11,1.75,1.75,2.11,0
12,1.75,1.75,2.11,0
13,1.75,1.75,2.11,0
14,1.75,1.75,2.11,0
15,1.75,1.75,2.11,0
16,1.75,1.75,2.11,0
17,1.75,1.75,2.11,0
18,1.75,1.75,2.11,0
19,1.75,1.75,2.11,0
20,1.75,1.75,2.11,0
21,1.75,1.75,2.11,0
22,1.75,1.75,2.11,0
23,1.75,1.75,2.11,0
24,1.75,1.75,2.11,0
