Voll,Demand_Segment,Cost_of_Demand_Curtailment_per_MW,Max_Demand_Curtailment,Rep_Periods,Timesteps_per_Rep_Period,Sub_Weights,Time_Index,Demand_MW_z1,Demand_MW_z2,Demand_MW_z3
50000.0,1.0,1.0,1.0,1.0,24.0,8760.0,1,7742.0,2211.0,1055.0
,,,,,,,2,7327.0,2093.0,999.0
,,,,,,,3,7086.0,2023.0,966.0
,,,,,,,4,6954.0,1986.0,948.0
,,,,,,,5,6956.0,1987.0,949.0
,,,,,,,6,7174.0,2048.0,978.0
,,,,,,,7,7518.0,2147.0,1025.0
,,,,,,,8,8043.0,2297.0,1096.0
,,,,,,,9,8721.0,2490.0,1189.0
,,,,,,,10,9179.0,2621.0,1252.0
,,,,,,,11,9396.0,2684.0,1281.0
,,,,,,,12,9462.0,2702.0,1290.0
,,,,,,,13,9456.0,2700.0,1289.0
,,,,,,,14,9389.0,2681.0,1280.0
,,,,,,,15,9310.0,2659.0,1269.0
,,,,,,,16,9271.0,2648.0,1264.0
,,,,,,,17,9292.0,2654.0,1267.0
,,,,,,,18,9294.0,2655.0,1267.0
,,,,,,,19,9244.0,2640.0,1260.0
,,,,,,,20,9502.0,2714.0,1295.0
,,,,,,,21,9270.0,2648.0,1264.0
,,,,,,,22,8736.0,2494.0,1191.0
,,,,,,,23,8058.0,2301.0,1099.0
,,,,,,,24,7346.0,2098.0,1001.0
